top_left,top_middle,top_right,middle_left,middle_middle,middle_right,bottom_left,bottom_middle,shape,colour
puzzle_0_tl,puzzle_0_tm,puzzle_0_tr,puzzle_0_ml,puzzle_0_mm,puzzle_0_ml,puzzle_0_bl,puzzle_0_bm,circle,green
puzzle_1_tl,puzzle_1_tm,puzzle_1_tr,puzzle_1_ml,puzzle_1_mm,puzzle_1_ml,puzzle_1_bl,puzzle_1_bm,rhombus,blue
puzzle_2_tl,puzzle_2_tm,puzzle_2_tr,puzzle_2_ml,puzzle_2_mm,puzzle_2_ml,puzzle_2_bl,puzzle_2_bm,trapeze,green
puzzle_3_tl,puzzle_3_tm,puzzle_3_tr,puzzle_3_ml,puzzle_3_mm,puzzle_3_ml,puzzle_3_bl,puzzle_3_bm,triangle,green
puzzle_4_tl,puzzle_4_tm,puzzle_4_tr,puzzle_4_ml,puzzle_4_mm,puzzle_4_ml,puzzle_4_bl,puzzle_4_bm,pentagon,cyan
puzzle_5_tl,puzzle_5_tm,puzzle_5_tr,puzzle_5_ml,puzzle_5_mm,puzzle_5_ml,puzzle_5_bl,puzzle_5_bm,trapeze,red
puzzle_6_tl,puzzle_6_tm,puzzle_6_tr,puzzle_6_ml,puzzle_6_mm,puzzle_6_ml,puzzle_6_bl,puzzle_6_bm,right_triangle,cyan
puzzle_7_tl,puzzle_7_tm,puzzle_7_tr,puzzle_7_ml,puzzle_7_mm,puzzle_7_ml,puzzle_7_bl,puzzle_7_bm,hexagon,blue
puzzle_8_tl,puzzle_8_tm,puzzle_8_tr,puzzle_8_ml,puzzle_8_mm,puzzle_8_ml,puzzle_8_bl,puzzle_8_bm,circle,magenta
puzzle_9_tl,puzzle_9_tm,puzzle_9_tr,puzzle_9_ml,puzzle_9_mm,puzzle_9_ml,puzzle_9_bl,puzzle_9_bm,right_triangle,cyan
puzzle_10_tl,puzzle_10_tm,puzzle_10_tr,puzzle_10_ml,puzzle_10_mm,puzzle_10_ml,puzzle_10_bl,puzzle_10_bm,triangle,cyan
puzzle_11_tl,puzzle_11_tm,puzzle_11_tr,puzzle_11_ml,puzzle_11_mm,puzzle_11_ml,puzzle_11_bl,puzzle_11_bm,trapeze,cyan
puzzle_12_tl,puzzle_12_tm,puzzle_12_tr,puzzle_12_ml,puzzle_12_mm,puzzle_12_ml,puzzle_12_bl,puzzle_12_bm,trapeze,magenta
puzzle_13_tl,puzzle_13_tm,puzzle_13_tr,puzzle_13_ml,puzzle_13_mm,puzzle_13_ml,puzzle_13_bl,puzzle_13_bm,kite,cyan
puzzle_14_tl,puzzle_14_tm,puzzle_14_tr,puzzle_14_ml,puzzle_14_mm,puzzle_14_ml,puzzle_14_bl,puzzle_14_bm,rhombus,red
puzzle_15_tl,puzzle_15_tm,puzzle_15_tr,puzzle_15_ml,puzzle_15_mm,puzzle_15_ml,puzzle_15_bl,puzzle_15_bm,pentagon,magenta
puzzle_16_tl,puzzle_16_tm,puzzle_16_tr,puzzle_16_ml,puzzle_16_mm,puzzle_16_ml,puzzle_16_bl,puzzle_16_bm,pentagon,green
puzzle_17_tl,puzzle_17_tm,puzzle_17_tr,puzzle_17_ml,puzzle_17_mm,puzzle_17_ml,puzzle_17_bl,puzzle_17_bm,right_triangle,magenta
puzzle_18_tl,puzzle_18_tm,puzzle_18_tr,puzzle_18_ml,puzzle_18_mm,puzzle_18_ml,puzzle_18_bl,puzzle_18_bm,right_triangle,red
puzzle_19_tl,puzzle_19_tm,puzzle_19_tr,puzzle_19_ml,puzzle_19_mm,puzzle_19_ml,puzzle_19_bl,puzzle_19_bm,pentagon,blue
puzzle_20_tl,puzzle_20_tm,puzzle_20_tr,puzzle_20_ml,puzzle_20_mm,puzzle_20_ml,puzzle_20_bl,puzzle_20_bm,trapeze,cyan
puzzle_21_tl,puzzle_21_tm,puzzle_21_tr,puzzle_21_ml,puzzle_21_mm,puzzle_21_ml,puzzle_21_bl,puzzle_21_bm,rhombus,blue
puzzle_22_tl,puzzle_22_tm,puzzle_22_tr,puzzle_22_ml,puzzle_22_mm,puzzle_22_ml,puzzle_22_bl,puzzle_22_bm,trapeze,green
puzzle_23_tl,puzzle_23_tm,puzzle_23_tr,puzzle_23_ml,puzzle_23_mm,puzzle_23_ml,puzzle_23_bl,puzzle_23_bm,hexagon,magenta
puzzle_24_tl,puzzle_24_tm,puzzle_24_tr,puzzle_24_ml,puzzle_24_mm,puzzle_24_ml,puzzle_24_bl,puzzle_24_bm,triangle,yellow
puzzle_25_tl,puzzle_25_tm,puzzle_25_tr,puzzle_25_ml,puzzle_25_mm,puzzle_25_ml,puzzle_25_bl,puzzle_25_bm,circle,red
puzzle_26_tl,puzzle_26_tm,puzzle_26_tr,puzzle_26_ml,puzzle_26_mm,puzzle_26_ml,puzzle_26_bl,puzzle_26_bm,right_triangle,green
puzzle_27_tl,puzzle_27_tm,puzzle_27_tr,puzzle_27_ml,puzzle_27_mm,puzzle_27_ml,puzzle_27_bl,puzzle_27_bm,right_triangle,yellow
puzzle_28_tl,puzzle_28_tm,puzzle_28_tr,puzzle_28_ml,puzzle_28_mm,puzzle_28_ml,puzzle_28_bl,puzzle_28_bm,square,red
puzzle_29_tl,puzzle_29_tm,puzzle_29_tr,puzzle_29_ml,puzzle_29_mm,puzzle_29_ml,puzzle_29_bl,puzzle_29_bm,circle,magenta
puzzle_30_tl,puzzle_30_tm,puzzle_30_tr,puzzle_30_ml,puzzle_30_mm,puzzle_30_ml,puzzle_30_bl,puzzle_30_bm,right_triangle,yellow
puzzle_31_tl,puzzle_31_tm,puzzle_31_tr,puzzle_31_ml,puzzle_31_mm,puzzle_31_ml,puzzle_31_bl,puzzle_31_bm,kite,green
puzzle_32_tl,puzzle_32_tm,puzzle_32_tr,puzzle_32_ml,puzzle_32_mm,puzzle_32_ml,puzzle_32_bl,puzzle_32_bm,triangle,blue
puzzle_33_tl,puzzle_33_tm,puzzle_33_tr,puzzle_33_ml,puzzle_33_mm,puzzle_33_ml,puzzle_33_bl,puzzle_33_bm,circle,magenta
puzzle_34_tl,puzzle_34_tm,puzzle_34_tr,puzzle_34_ml,puzzle_34_mm,puzzle_34_ml,puzzle_34_bl,puzzle_34_bm,triangle,yellow
puzzle_35_tl,puzzle_35_tm,puzzle_35_tr,puzzle_35_ml,puzzle_35_mm,puzzle_35_ml,puzzle_35_bl,puzzle_35_bm,pentagon,yellow
puzzle_36_tl,puzzle_36_tm,puzzle_36_tr,puzzle_36_ml,puzzle_36_mm,puzzle_36_ml,puzzle_36_bl,puzzle_36_bm,circle,blue
puzzle_37_tl,puzzle_37_tm,puzzle_37_tr,puzzle_37_ml,puzzle_37_mm,puzzle_37_ml,puzzle_37_bl,puzzle_37_bm,kite,green
puzzle_38_tl,puzzle_38_tm,puzzle_38_tr,puzzle_38_ml,puzzle_38_mm,puzzle_38_ml,puzzle_38_bl,puzzle_38_bm,kite,magenta
puzzle_39_tl,puzzle_39_tm,puzzle_39_tr,puzzle_39_ml,puzzle_39_mm,puzzle_39_ml,puzzle_39_bl,puzzle_39_bm,triangle,red
puzzle_40_tl,puzzle_40_tm,puzzle_40_tr,puzzle_40_ml,puzzle_40_mm,puzzle_40_ml,puzzle_40_bl,puzzle_40_bm,kite,yellow
puzzle_41_tl,puzzle_41_tm,puzzle_41_tr,puzzle_41_ml,puzzle_41_mm,puzzle_41_ml,puzzle_41_bl,puzzle_41_bm,circle,yellow
puzzle_42_tl,puzzle_42_tm,puzzle_42_tr,puzzle_42_ml,puzzle_42_mm,puzzle_42_ml,puzzle_42_bl,puzzle_42_bm,circle,yellow
puzzle_43_tl,puzzle_43_tm,puzzle_43_tr,puzzle_43_ml,puzzle_43_mm,puzzle_43_ml,puzzle_43_bl,puzzle_43_bm,hexagon,green
puzzle_44_tl,puzzle_44_tm,puzzle_44_tr,puzzle_44_ml,puzzle_44_mm,puzzle_44_ml,puzzle_44_bl,puzzle_44_bm,triangle,red
puzzle_45_tl,puzzle_45_tm,puzzle_45_tr,puzzle_45_ml,puzzle_45_mm,puzzle_45_ml,puzzle_45_bl,puzzle_45_bm,trapeze,blue
puzzle_46_tl,puzzle_46_tm,puzzle_46_tr,puzzle_46_ml,puzzle_46_mm,puzzle_46_ml,puzzle_46_bl,puzzle_46_bm,circle,yellow
puzzle_47_tl,puzzle_47_tm,puzzle_47_tr,puzzle_47_ml,puzzle_47_mm,puzzle_47_ml,puzzle_47_bl,puzzle_47_bm,pentagon,cyan
puzzle_48_tl,puzzle_48_tm,puzzle_48_tr,puzzle_48_ml,puzzle_48_mm,puzzle_48_ml,puzzle_48_bl,puzzle_48_bm,triangle,red
puzzle_49_tl,puzzle_49_tm,puzzle_49_tr,puzzle_49_ml,puzzle_49_mm,puzzle_49_ml,puzzle_49_bl,puzzle_49_bm,square,magenta
puzzle_50_tl,puzzle_50_tm,puzzle_50_tr,puzzle_50_ml,puzzle_50_mm,puzzle_50_ml,puzzle_50_bl,puzzle_50_bm,trapeze,red
puzzle_51_tl,puzzle_51_tm,puzzle_51_tr,puzzle_51_ml,puzzle_51_mm,puzzle_51_ml,puzzle_51_bl,puzzle_51_bm,hexagon,blue
puzzle_52_tl,puzzle_52_tm,puzzle_52_tr,puzzle_52_ml,puzzle_52_mm,puzzle_52_ml,puzzle_52_bl,puzzle_52_bm,rhombus,cyan
puzzle_53_tl,puzzle_53_tm,puzzle_53_tr,puzzle_53_ml,puzzle_53_mm,puzzle_53_ml,puzzle_53_bl,puzzle_53_bm,square,blue
puzzle_54_tl,puzzle_54_tm,puzzle_54_tr,puzzle_54_ml,puzzle_54_mm,puzzle_54_ml,puzzle_54_bl,puzzle_54_bm,rhombus,green
puzzle_55_tl,puzzle_55_tm,puzzle_55_tr,puzzle_55_ml,puzzle_55_mm,puzzle_55_ml,puzzle_55_bl,puzzle_55_bm,pentagon,red
puzzle_56_tl,puzzle_56_tm,puzzle_56_tr,puzzle_56_ml,puzzle_56_mm,puzzle_56_ml,puzzle_56_bl,puzzle_56_bm,right_triangle,red
puzzle_57_tl,puzzle_57_tm,puzzle_57_tr,puzzle_57_ml,puzzle_57_mm,puzzle_57_ml,puzzle_57_bl,puzzle_57_bm,right_triangle,yellow
puzzle_58_tl,puzzle_58_tm,puzzle_58_tr,puzzle_58_ml,puzzle_58_mm,puzzle_58_ml,puzzle_58_bl,puzzle_58_bm,hexagon,cyan
puzzle_59_tl,puzzle_59_tm,puzzle_59_tr,puzzle_59_ml,puzzle_59_mm,puzzle_59_ml,puzzle_59_bl,puzzle_59_bm,hexagon,cyan
puzzle_60_tl,puzzle_60_tm,puzzle_60_tr,puzzle_60_ml,puzzle_60_mm,puzzle_60_ml,puzzle_60_bl,puzzle_60_bm,trapeze,blue
puzzle_61_tl,puzzle_61_tm,puzzle_61_tr,puzzle_61_ml,puzzle_61_mm,puzzle_61_ml,puzzle_61_bl,puzzle_61_bm,right_triangle,green
puzzle_62_tl,puzzle_62_tm,puzzle_62_tr,puzzle_62_ml,puzzle_62_mm,puzzle_62_ml,puzzle_62_bl,puzzle_62_bm,rhombus,blue
puzzle_63_tl,puzzle_63_tm,puzzle_63_tr,puzzle_63_ml,puzzle_63_mm,puzzle_63_ml,puzzle_63_bl,puzzle_63_bm,hexagon,magenta
puzzle_64_tl,puzzle_64_tm,puzzle_64_tr,puzzle_64_ml,puzzle_64_mm,puzzle_64_ml,puzzle_64_bl,puzzle_64_bm,pentagon,yellow
puzzle_65_tl,puzzle_65_tm,puzzle_65_tr,puzzle_65_ml,puzzle_65_mm,puzzle_65_ml,puzzle_65_bl,puzzle_65_bm,rhombus,yellow
puzzle_66_tl,puzzle_66_tm,puzzle_66_tr,puzzle_66_ml,puzzle_66_mm,puzzle_66_ml,puzzle_66_bl,puzzle_66_bm,rhombus,green
puzzle_67_tl,puzzle_67_tm,puzzle_67_tr,puzzle_67_ml,puzzle_67_mm,puzzle_67_ml,puzzle_67_bl,puzzle_67_bm,circle,blue
puzzle_68_tl,puzzle_68_tm,puzzle_68_tr,puzzle_68_ml,puzzle_68_mm,puzzle_68_ml,puzzle_68_bl,puzzle_68_bm,right_triangle,red
puzzle_69_tl,puzzle_69_tm,puzzle_69_tr,puzzle_69_ml,puzzle_69_mm,puzzle_69_ml,puzzle_69_bl,puzzle_69_bm,circle,green
puzzle_70_tl,puzzle_70_tm,puzzle_70_tr,puzzle_70_ml,puzzle_70_mm,puzzle_70_ml,puzzle_70_bl,puzzle_70_bm,trapeze,cyan
puzzle_71_tl,puzzle_71_tm,puzzle_71_tr,puzzle_71_ml,puzzle_71_mm,puzzle_71_ml,puzzle_71_bl,puzzle_71_bm,rhombus,magenta
puzzle_72_tl,puzzle_72_tm,puzzle_72_tr,puzzle_72_ml,puzzle_72_mm,puzzle_72_ml,puzzle_72_bl,puzzle_72_bm,hexagon,green
puzzle_73_tl,puzzle_73_tm,puzzle_73_tr,puzzle_73_ml,puzzle_73_mm,puzzle_73_ml,puzzle_73_bl,puzzle_73_bm,trapeze,blue
puzzle_74_tl,puzzle_74_tm,puzzle_74_tr,puzzle_74_ml,puzzle_74_mm,puzzle_74_ml,puzzle_74_bl,puzzle_74_bm,square,blue
puzzle_75_tl,puzzle_75_tm,puzzle_75_tr,puzzle_75_ml,puzzle_75_mm,puzzle_75_ml,puzzle_75_bl,puzzle_75_bm,trapeze,green
puzzle_76_tl,puzzle_76_tm,puzzle_76_tr,puzzle_76_ml,puzzle_76_mm,puzzle_76_ml,puzzle_76_bl,puzzle_76_bm,rhombus,cyan
puzzle_77_tl,puzzle_77_tm,puzzle_77_tr,puzzle_77_ml,puzzle_77_mm,puzzle_77_ml,puzzle_77_bl,puzzle_77_bm,hexagon,blue
puzzle_78_tl,puzzle_78_tm,puzzle_78_tr,puzzle_78_ml,puzzle_78_mm,puzzle_78_ml,puzzle_78_bl,puzzle_78_bm,hexagon,yellow
puzzle_79_tl,puzzle_79_tm,puzzle_79_tr,puzzle_79_ml,puzzle_79_mm,puzzle_79_ml,puzzle_79_bl,puzzle_79_bm,kite,green
puzzle_80_tl,puzzle_80_tm,puzzle_80_tr,puzzle_80_ml,puzzle_80_mm,puzzle_80_ml,puzzle_80_bl,puzzle_80_bm,pentagon,cyan
puzzle_81_tl,puzzle_81_tm,puzzle_81_tr,puzzle_81_ml,puzzle_81_mm,puzzle_81_ml,puzzle_81_bl,puzzle_81_bm,right_triangle,cyan
puzzle_82_tl,puzzle_82_tm,puzzle_82_tr,puzzle_82_ml,puzzle_82_mm,puzzle_82_ml,puzzle_82_bl,puzzle_82_bm,rhombus,green
puzzle_83_tl,puzzle_83_tm,puzzle_83_tr,puzzle_83_ml,puzzle_83_mm,puzzle_83_ml,puzzle_83_bl,puzzle_83_bm,triangle,magenta
puzzle_84_tl,puzzle_84_tm,puzzle_84_tr,puzzle_84_ml,puzzle_84_mm,puzzle_84_ml,puzzle_84_bl,puzzle_84_bm,rhombus,blue
puzzle_85_tl,puzzle_85_tm,puzzle_85_tr,puzzle_85_ml,puzzle_85_mm,puzzle_85_ml,puzzle_85_bl,puzzle_85_bm,circle,red
puzzle_86_tl,puzzle_86_tm,puzzle_86_tr,puzzle_86_ml,puzzle_86_mm,puzzle_86_ml,puzzle_86_bl,puzzle_86_bm,square,blue
puzzle_87_tl,puzzle_87_tm,puzzle_87_tr,puzzle_87_ml,puzzle_87_mm,puzzle_87_ml,puzzle_87_bl,puzzle_87_bm,pentagon,blue
puzzle_88_tl,puzzle_88_tm,puzzle_88_tr,puzzle_88_ml,puzzle_88_mm,puzzle_88_ml,puzzle_88_bl,puzzle_88_bm,pentagon,magenta
puzzle_89_tl,puzzle_89_tm,puzzle_89_tr,puzzle_89_ml,puzzle_89_mm,puzzle_89_ml,puzzle_89_bl,puzzle_89_bm,hexagon,green
puzzle_90_tl,puzzle_90_tm,puzzle_90_tr,puzzle_90_ml,puzzle_90_mm,puzzle_90_ml,puzzle_90_bl,puzzle_90_bm,square,blue
puzzle_91_tl,puzzle_91_tm,puzzle_91_tr,puzzle_91_ml,puzzle_91_mm,puzzle_91_ml,puzzle_91_bl,puzzle_91_bm,kite,cyan
puzzle_92_tl,puzzle_92_tm,puzzle_92_tr,puzzle_92_ml,puzzle_92_mm,puzzle_92_ml,puzzle_92_bl,puzzle_92_bm,trapeze,red
puzzle_93_tl,puzzle_93_tm,puzzle_93_tr,puzzle_93_ml,puzzle_93_mm,puzzle_93_ml,puzzle_93_bl,puzzle_93_bm,kite,yellow
puzzle_94_tl,puzzle_94_tm,puzzle_94_tr,puzzle_94_ml,puzzle_94_mm,puzzle_94_ml,puzzle_94_bl,puzzle_94_bm,circle,cyan
puzzle_95_tl,puzzle_95_tm,puzzle_95_tr,puzzle_95_ml,puzzle_95_mm,puzzle_95_ml,puzzle_95_bl,puzzle_95_bm,trapeze,cyan
puzzle_96_tl,puzzle_96_tm,puzzle_96_tr,puzzle_96_ml,puzzle_96_mm,puzzle_96_ml,puzzle_96_bl,puzzle_96_bm,trapeze,yellow
puzzle_97_tl,puzzle_97_tm,puzzle_97_tr,puzzle_97_ml,puzzle_97_mm,puzzle_97_ml,puzzle_97_bl,puzzle_97_bm,hexagon,green
puzzle_98_tl,puzzle_98_tm,puzzle_98_tr,puzzle_98_ml,puzzle_98_mm,puzzle_98_ml,puzzle_98_bl,puzzle_98_bm,kite,blue
puzzle_99_tl,puzzle_99_tm,puzzle_99_tr,puzzle_99_ml,puzzle_99_mm,puzzle_99_ml,puzzle_99_bl,puzzle_99_bm,rhombus,cyan
puzzle_100_tl,puzzle_100_tm,puzzle_100_tr,puzzle_100_ml,puzzle_100_mm,puzzle_100_ml,puzzle_100_bl,puzzle_100_bm,hexagon,green
puzzle_101_tl,puzzle_101_tm,puzzle_101_tr,puzzle_101_ml,puzzle_101_mm,puzzle_101_ml,puzzle_101_bl,puzzle_101_bm,circle,magenta
puzzle_102_tl,puzzle_102_tm,puzzle_102_tr,puzzle_102_ml,puzzle_102_mm,puzzle_102_ml,puzzle_102_bl,puzzle_102_bm,trapeze,cyan
puzzle_103_tl,puzzle_103_tm,puzzle_103_tr,puzzle_103_ml,puzzle_103_mm,puzzle_103_ml,puzzle_103_bl,puzzle_103_bm,square,cyan
puzzle_104_tl,puzzle_104_tm,puzzle_104_tr,puzzle_104_ml,puzzle_104_mm,puzzle_104_ml,puzzle_104_bl,puzzle_104_bm,square,red
puzzle_105_tl,puzzle_105_tm,puzzle_105_tr,puzzle_105_ml,puzzle_105_mm,puzzle_105_ml,puzzle_105_bl,puzzle_105_bm,triangle,red
puzzle_106_tl,puzzle_106_tm,puzzle_106_tr,puzzle_106_ml,puzzle_106_mm,puzzle_106_ml,puzzle_106_bl,puzzle_106_bm,pentagon,green
puzzle_107_tl,puzzle_107_tm,puzzle_107_tr,puzzle_107_ml,puzzle_107_mm,puzzle_107_ml,puzzle_107_bl,puzzle_107_bm,triangle,green
puzzle_108_tl,puzzle_108_tm,puzzle_108_tr,puzzle_108_ml,puzzle_108_mm,puzzle_108_ml,puzzle_108_bl,puzzle_108_bm,square,green
puzzle_109_tl,puzzle_109_tm,puzzle_109_tr,puzzle_109_ml,puzzle_109_mm,puzzle_109_ml,puzzle_109_bl,puzzle_109_bm,triangle,magenta
puzzle_110_tl,puzzle_110_tm,puzzle_110_tr,puzzle_110_ml,puzzle_110_mm,puzzle_110_ml,puzzle_110_bl,puzzle_110_bm,square,red
puzzle_111_tl,puzzle_111_tm,puzzle_111_tr,puzzle_111_ml,puzzle_111_mm,puzzle_111_ml,puzzle_111_bl,puzzle_111_bm,right_triangle,magenta
puzzle_112_tl,puzzle_112_tm,puzzle_112_tr,puzzle_112_ml,puzzle_112_mm,puzzle_112_ml,puzzle_112_bl,puzzle_112_bm,square,red
puzzle_113_tl,puzzle_113_tm,puzzle_113_tr,puzzle_113_ml,puzzle_113_mm,puzzle_113_ml,puzzle_113_bl,puzzle_113_bm,pentagon,red
puzzle_114_tl,puzzle_114_tm,puzzle_114_tr,puzzle_114_ml,puzzle_114_mm,puzzle_114_ml,puzzle_114_bl,puzzle_114_bm,pentagon,blue
puzzle_115_tl,puzzle_115_tm,puzzle_115_tr,puzzle_115_ml,puzzle_115_mm,puzzle_115_ml,puzzle_115_bl,puzzle_115_bm,rhombus,magenta
puzzle_116_tl,puzzle_116_tm,puzzle_116_tr,puzzle_116_ml,puzzle_116_mm,puzzle_116_ml,puzzle_116_bl,puzzle_116_bm,trapeze,cyan
puzzle_117_tl,puzzle_117_tm,puzzle_117_tr,puzzle_117_ml,puzzle_117_mm,puzzle_117_ml,puzzle_117_bl,puzzle_117_bm,rhombus,yellow
puzzle_118_tl,puzzle_118_tm,puzzle_118_tr,puzzle_118_ml,puzzle_118_mm,puzzle_118_ml,puzzle_118_bl,puzzle_118_bm,pentagon,blue
puzzle_119_tl,puzzle_119_tm,puzzle_119_tr,puzzle_119_ml,puzzle_119_mm,puzzle_119_ml,puzzle_119_bl,puzzle_119_bm,hexagon,cyan
puzzle_120_tl,puzzle_120_tm,puzzle_120_tr,puzzle_120_ml,puzzle_120_mm,puzzle_120_ml,puzzle_120_bl,puzzle_120_bm,trapeze,green
puzzle_121_tl,puzzle_121_tm,puzzle_121_tr,puzzle_121_ml,puzzle_121_mm,puzzle_121_ml,puzzle_121_bl,puzzle_121_bm,square,blue
puzzle_122_tl,puzzle_122_tm,puzzle_122_tr,puzzle_122_ml,puzzle_122_mm,puzzle_122_ml,puzzle_122_bl,puzzle_122_bm,right_triangle,red
puzzle_123_tl,puzzle_123_tm,puzzle_123_tr,puzzle_123_ml,puzzle_123_mm,puzzle_123_ml,puzzle_123_bl,puzzle_123_bm,right_triangle,yellow
puzzle_124_tl,puzzle_124_tm,puzzle_124_tr,puzzle_124_ml,puzzle_124_mm,puzzle_124_ml,puzzle_124_bl,puzzle_124_bm,circle,red
puzzle_125_tl,puzzle_125_tm,puzzle_125_tr,puzzle_125_ml,puzzle_125_mm,puzzle_125_ml,puzzle_125_bl,puzzle_125_bm,kite,red
puzzle_126_tl,puzzle_126_tm,puzzle_126_tr,puzzle_126_ml,puzzle_126_mm,puzzle_126_ml,puzzle_126_bl,puzzle_126_bm,rhombus,red
puzzle_127_tl,puzzle_127_tm,puzzle_127_tr,puzzle_127_ml,puzzle_127_mm,puzzle_127_ml,puzzle_127_bl,puzzle_127_bm,kite,magenta
puzzle_128_tl,puzzle_128_tm,puzzle_128_tr,puzzle_128_ml,puzzle_128_mm,puzzle_128_ml,puzzle_128_bl,puzzle_128_bm,square,cyan
puzzle_129_tl,puzzle_129_tm,puzzle_129_tr,puzzle_129_ml,puzzle_129_mm,puzzle_129_ml,puzzle_129_bl,puzzle_129_bm,right_triangle,yellow
puzzle_130_tl,puzzle_130_tm,puzzle_130_tr,puzzle_130_ml,puzzle_130_mm,puzzle_130_ml,puzzle_130_bl,puzzle_130_bm,rhombus,blue
puzzle_131_tl,puzzle_131_tm,puzzle_131_tr,puzzle_131_ml,puzzle_131_mm,puzzle_131_ml,puzzle_131_bl,puzzle_131_bm,circle,red
puzzle_132_tl,puzzle_132_tm,puzzle_132_tr,puzzle_132_ml,puzzle_132_mm,puzzle_132_ml,puzzle_132_bl,puzzle_132_bm,triangle,cyan
puzzle_133_tl,puzzle_133_tm,puzzle_133_tr,puzzle_133_ml,puzzle_133_mm,puzzle_133_ml,puzzle_133_bl,puzzle_133_bm,rhombus,blue
puzzle_134_tl,puzzle_134_tm,puzzle_134_tr,puzzle_134_ml,puzzle_134_mm,puzzle_134_ml,puzzle_134_bl,puzzle_134_bm,hexagon,magenta
puzzle_135_tl,puzzle_135_tm,puzzle_135_tr,puzzle_135_ml,puzzle_135_mm,puzzle_135_ml,puzzle_135_bl,puzzle_135_bm,square,green
puzzle_136_tl,puzzle_136_tm,puzzle_136_tr,puzzle_136_ml,puzzle_136_mm,puzzle_136_ml,puzzle_136_bl,puzzle_136_bm,rhombus,red
puzzle_137_tl,puzzle_137_tm,puzzle_137_tr,puzzle_137_ml,puzzle_137_mm,puzzle_137_ml,puzzle_137_bl,puzzle_137_bm,circle,red
puzzle_138_tl,puzzle_138_tm,puzzle_138_tr,puzzle_138_ml,puzzle_138_mm,puzzle_138_ml,puzzle_138_bl,puzzle_138_bm,triangle,cyan
puzzle_139_tl,puzzle_139_tm,puzzle_139_tr,puzzle_139_ml,puzzle_139_mm,puzzle_139_ml,puzzle_139_bl,puzzle_139_bm,triangle,cyan
puzzle_140_tl,puzzle_140_tm,puzzle_140_tr,puzzle_140_ml,puzzle_140_mm,puzzle_140_ml,puzzle_140_bl,puzzle_140_bm,pentagon,cyan
puzzle_141_tl,puzzle_141_tm,puzzle_141_tr,puzzle_141_ml,puzzle_141_mm,puzzle_141_ml,puzzle_141_bl,puzzle_141_bm,rhombus,red
puzzle_142_tl,puzzle_142_tm,puzzle_142_tr,puzzle_142_ml,puzzle_142_mm,puzzle_142_ml,puzzle_142_bl,puzzle_142_bm,triangle,blue
puzzle_143_tl,puzzle_143_tm,puzzle_143_tr,puzzle_143_ml,puzzle_143_mm,puzzle_143_ml,puzzle_143_bl,puzzle_143_bm,trapeze,yellow
puzzle_144_tl,puzzle_144_tm,puzzle_144_tr,puzzle_144_ml,puzzle_144_mm,puzzle_144_ml,puzzle_144_bl,puzzle_144_bm,square,yellow
puzzle_145_tl,puzzle_145_tm,puzzle_145_tr,puzzle_145_ml,puzzle_145_mm,puzzle_145_ml,puzzle_145_bl,puzzle_145_bm,pentagon,yellow
puzzle_146_tl,puzzle_146_tm,puzzle_146_tr,puzzle_146_ml,puzzle_146_mm,puzzle_146_ml,puzzle_146_bl,puzzle_146_bm,circle,red
puzzle_147_tl,puzzle_147_tm,puzzle_147_tr,puzzle_147_ml,puzzle_147_mm,puzzle_147_ml,puzzle_147_bl,puzzle_147_bm,rhombus,blue
puzzle_148_tl,puzzle_148_tm,puzzle_148_tr,puzzle_148_ml,puzzle_148_mm,puzzle_148_ml,puzzle_148_bl,puzzle_148_bm,hexagon,magenta
puzzle_149_tl,puzzle_149_tm,puzzle_149_tr,puzzle_149_ml,puzzle_149_mm,puzzle_149_ml,puzzle_149_bl,puzzle_149_bm,square,yellow
puzzle_150_tl,puzzle_150_tm,puzzle_150_tr,puzzle_150_ml,puzzle_150_mm,puzzle_150_ml,puzzle_150_bl,puzzle_150_bm,right_triangle,magenta
puzzle_151_tl,puzzle_151_tm,puzzle_151_tr,puzzle_151_ml,puzzle_151_mm,puzzle_151_ml,puzzle_151_bl,puzzle_151_bm,trapeze,blue
puzzle_152_tl,puzzle_152_tm,puzzle_152_tr,puzzle_152_ml,puzzle_152_mm,puzzle_152_ml,puzzle_152_bl,puzzle_152_bm,kite,green
puzzle_153_tl,puzzle_153_tm,puzzle_153_tr,puzzle_153_ml,puzzle_153_mm,puzzle_153_ml,puzzle_153_bl,puzzle_153_bm,triangle,magenta
puzzle_154_tl,puzzle_154_tm,puzzle_154_tr,puzzle_154_ml,puzzle_154_mm,puzzle_154_ml,puzzle_154_bl,puzzle_154_bm,kite,red
puzzle_155_tl,puzzle_155_tm,puzzle_155_tr,puzzle_155_ml,puzzle_155_mm,puzzle_155_ml,puzzle_155_bl,puzzle_155_bm,pentagon,blue
puzzle_156_tl,puzzle_156_tm,puzzle_156_tr,puzzle_156_ml,puzzle_156_mm,puzzle_156_ml,puzzle_156_bl,puzzle_156_bm,right_triangle,magenta
puzzle_157_tl,puzzle_157_tm,puzzle_157_tr,puzzle_157_ml,puzzle_157_mm,puzzle_157_ml,puzzle_157_bl,puzzle_157_bm,circle,cyan
puzzle_158_tl,puzzle_158_tm,puzzle_158_tr,puzzle_158_ml,puzzle_158_mm,puzzle_158_ml,puzzle_158_bl,puzzle_158_bm,trapeze,blue
puzzle_159_tl,puzzle_159_tm,puzzle_159_tr,puzzle_159_ml,puzzle_159_mm,puzzle_159_ml,puzzle_159_bl,puzzle_159_bm,hexagon,green
puzzle_160_tl,puzzle_160_tm,puzzle_160_tr,puzzle_160_ml,puzzle_160_mm,puzzle_160_ml,puzzle_160_bl,puzzle_160_bm,kite,magenta
puzzle_161_tl,puzzle_161_tm,puzzle_161_tr,puzzle_161_ml,puzzle_161_mm,puzzle_161_ml,puzzle_161_bl,puzzle_161_bm,hexagon,blue
puzzle_162_tl,puzzle_162_tm,puzzle_162_tr,puzzle_162_ml,puzzle_162_mm,puzzle_162_ml,puzzle_162_bl,puzzle_162_bm,triangle,magenta
puzzle_163_tl,puzzle_163_tm,puzzle_163_tr,puzzle_163_ml,puzzle_163_mm,puzzle_163_ml,puzzle_163_bl,puzzle_163_bm,hexagon,magenta
puzzle_164_tl,puzzle_164_tm,puzzle_164_tr,puzzle_164_ml,puzzle_164_mm,puzzle_164_ml,puzzle_164_bl,puzzle_164_bm,right_triangle,green
puzzle_165_tl,puzzle_165_tm,puzzle_165_tr,puzzle_165_ml,puzzle_165_mm,puzzle_165_ml,puzzle_165_bl,puzzle_165_bm,pentagon,red
puzzle_166_tl,puzzle_166_tm,puzzle_166_tr,puzzle_166_ml,puzzle_166_mm,puzzle_166_ml,puzzle_166_bl,puzzle_166_bm,trapeze,red
puzzle_167_tl,puzzle_167_tm,puzzle_167_tr,puzzle_167_ml,puzzle_167_mm,puzzle_167_ml,puzzle_167_bl,puzzle_167_bm,hexagon,yellow
puzzle_168_tl,puzzle_168_tm,puzzle_168_tr,puzzle_168_ml,puzzle_168_mm,puzzle_168_ml,puzzle_168_bl,puzzle_168_bm,rhombus,yellow
puzzle_169_tl,puzzle_169_tm,puzzle_169_tr,puzzle_169_ml,puzzle_169_mm,puzzle_169_ml,puzzle_169_bl,puzzle_169_bm,circle,yellow
puzzle_170_tl,puzzle_170_tm,puzzle_170_tr,puzzle_170_ml,puzzle_170_mm,puzzle_170_ml,puzzle_170_bl,puzzle_170_bm,right_triangle,cyan
puzzle_171_tl,puzzle_171_tm,puzzle_171_tr,puzzle_171_ml,puzzle_171_mm,puzzle_171_ml,puzzle_171_bl,puzzle_171_bm,circle,red
puzzle_172_tl,puzzle_172_tm,puzzle_172_tr,puzzle_172_ml,puzzle_172_mm,puzzle_172_ml,puzzle_172_bl,puzzle_172_bm,triangle,yellow
puzzle_173_tl,puzzle_173_tm,puzzle_173_tr,puzzle_173_ml,puzzle_173_mm,puzzle_173_ml,puzzle_173_bl,puzzle_173_bm,circle,blue
puzzle_174_tl,puzzle_174_tm,puzzle_174_tr,puzzle_174_ml,puzzle_174_mm,puzzle_174_ml,puzzle_174_bl,puzzle_174_bm,trapeze,magenta
puzzle_175_tl,puzzle_175_tm,puzzle_175_tr,puzzle_175_ml,puzzle_175_mm,puzzle_175_ml,puzzle_175_bl,puzzle_175_bm,kite,blue
puzzle_176_tl,puzzle_176_tm,puzzle_176_tr,puzzle_176_ml,puzzle_176_mm,puzzle_176_ml,puzzle_176_bl,puzzle_176_bm,pentagon,magenta
puzzle_177_tl,puzzle_177_tm,puzzle_177_tr,puzzle_177_ml,puzzle_177_mm,puzzle_177_ml,puzzle_177_bl,puzzle_177_bm,square,green
puzzle_178_tl,puzzle_178_tm,puzzle_178_tr,puzzle_178_ml,puzzle_178_mm,puzzle_178_ml,puzzle_178_bl,puzzle_178_bm,circle,blue
puzzle_179_tl,puzzle_179_tm,puzzle_179_tr,puzzle_179_ml,puzzle_179_mm,puzzle_179_ml,puzzle_179_bl,puzzle_179_bm,triangle,yellow
puzzle_180_tl,puzzle_180_tm,puzzle_180_tr,puzzle_180_ml,puzzle_180_mm,puzzle_180_ml,puzzle_180_bl,puzzle_180_bm,kite,cyan
puzzle_181_tl,puzzle_181_tm,puzzle_181_tr,puzzle_181_ml,puzzle_181_mm,puzzle_181_ml,puzzle_181_bl,puzzle_181_bm,hexagon,magenta
puzzle_182_tl,puzzle_182_tm,puzzle_182_tr,puzzle_182_ml,puzzle_182_mm,puzzle_182_ml,puzzle_182_bl,puzzle_182_bm,square,green
puzzle_183_tl,puzzle_183_tm,puzzle_183_tr,puzzle_183_ml,puzzle_183_mm,puzzle_183_ml,puzzle_183_bl,puzzle_183_bm,rhombus,green
puzzle_184_tl,puzzle_184_tm,puzzle_184_tr,puzzle_184_ml,puzzle_184_mm,puzzle_184_ml,puzzle_184_bl,puzzle_184_bm,trapeze,magenta
puzzle_185_tl,puzzle_185_tm,puzzle_185_tr,puzzle_185_ml,puzzle_185_mm,puzzle_185_ml,puzzle_185_bl,puzzle_185_bm,circle,green
puzzle_186_tl,puzzle_186_tm,puzzle_186_tr,puzzle_186_ml,puzzle_186_mm,puzzle_186_ml,puzzle_186_bl,puzzle_186_bm,right_triangle,blue
puzzle_187_tl,puzzle_187_tm,puzzle_187_tr,puzzle_187_ml,puzzle_187_mm,puzzle_187_ml,puzzle_187_bl,puzzle_187_bm,hexagon,cyan
puzzle_188_tl,puzzle_188_tm,puzzle_188_tr,puzzle_188_ml,puzzle_188_mm,puzzle_188_ml,puzzle_188_bl,puzzle_188_bm,trapeze,green
puzzle_189_tl,puzzle_189_tm,puzzle_189_tr,puzzle_189_ml,puzzle_189_mm,puzzle_189_ml,puzzle_189_bl,puzzle_189_bm,square,cyan
puzzle_190_tl,puzzle_190_tm,puzzle_190_tr,puzzle_190_ml,puzzle_190_mm,puzzle_190_ml,puzzle_190_bl,puzzle_190_bm,pentagon,yellow
puzzle_191_tl,puzzle_191_tm,puzzle_191_tr,puzzle_191_ml,puzzle_191_mm,puzzle_191_ml,puzzle_191_bl,puzzle_191_bm,kite,red
puzzle_192_tl,puzzle_192_tm,puzzle_192_tr,puzzle_192_ml,puzzle_192_mm,puzzle_192_ml,puzzle_192_bl,puzzle_192_bm,pentagon,red
puzzle_193_tl,puzzle_193_tm,puzzle_193_tr,puzzle_193_ml,puzzle_193_mm,puzzle_193_ml,puzzle_193_bl,puzzle_193_bm,square,blue
puzzle_194_tl,puzzle_194_tm,puzzle_194_tr,puzzle_194_ml,puzzle_194_mm,puzzle_194_ml,puzzle_194_bl,puzzle_194_bm,rhombus,blue
puzzle_195_tl,puzzle_195_tm,puzzle_195_tr,puzzle_195_ml,puzzle_195_mm,puzzle_195_ml,puzzle_195_bl,puzzle_195_bm,kite,green
puzzle_196_tl,puzzle_196_tm,puzzle_196_tr,puzzle_196_ml,puzzle_196_mm,puzzle_196_ml,puzzle_196_bl,puzzle_196_bm,circle,yellow
puzzle_197_tl,puzzle_197_tm,puzzle_197_tr,puzzle_197_ml,puzzle_197_mm,puzzle_197_ml,puzzle_197_bl,puzzle_197_bm,square,red
puzzle_198_tl,puzzle_198_tm,puzzle_198_tr,puzzle_198_ml,puzzle_198_mm,puzzle_198_ml,puzzle_198_bl,puzzle_198_bm,trapeze,yellow
puzzle_199_tl,puzzle_199_tm,puzzle_199_tr,puzzle_199_ml,puzzle_199_mm,puzzle_199_ml,puzzle_199_bl,puzzle_199_bm,hexagon,yellow
